7577,1193,4213,3416,9646,2115,3466,4537,1622,3974,7487,6263,6318,378,3036,6458,5149,4885,5905,5838,4131,2765,
6212,8405,9510,8127,7984,1413,9878,9214,6463,2484,8571,5184,5467,8761,818,2341,9051,6017,8008,1809,5506,8677,
4298,2289,5992,3,9683,5694,1291,1413,2591,9510,5676,6447,3027,3153,6492,8049,7053,7021,8730,7884,4516,6214,
3190,5937,8165,2218,9650,9409,6703,1999,4527,4040,8032,2659,2085,8008,1690,8097,3746,613,2335,4499,2380,8860,
5501,9455,9993,3013,9788,8512,7164,4548,7474,247,5490,7750,2116,2485,315,3350,7454,9289,4497,8515,3102,5185,
7412,872,3316,1731,9096,6411,942,9742,3251,2812,673,3721,8731,9637,955,1482,5996,5306,8857,1615,8185,9153,
4041,393,9172,61,6232,4404,4369,5382,3636,1391,681,7645,4102,385,7034,4914,5254,7272,5178,4279,185,8239,
1408,1941,5173,4977,6001,8511,4297,8545,9928,7016,2318,8909,8700,4473,814,714,1124,1215,1279,9156,5555,3991,
3181,9536,3733,1383,6487,1582,7436,9806,2046,5349,7787,4920,1150,5828,8883,3722,4411,4728,7277,4584,3858,508,
2977,2808,3368,5716,2698,7211,4643,3844,4990,8552,7583,7963,3779,4876,6878,7217,1394,5575,7527,6648,3166,6277,
4716,8799,9595,8,9881,1234,6492,4780,4497,2095,8000,7011,3662,2207,788,3420,873,3074,9986,9494,7884,2238,
4242,4272,2366,6758,693,4418,1904,2169,2200,513,4222,6305,1105,4337,8123,1,5096,9480,3995,4706,493,8455,
6091,4703,7925,8966,7397,4500,6971,6024,8710,6485,1745,1861,6044,5273,4105,5458,6726,7071,3031,6316,5529,6590,
6865,6554,6044,4141,5612,7963,3340,253,4038,4817,35,2097,5841,2011,7606,6808,4641,6589,5482,8992,2660,5549,
665,508,819,9749,2410,1906,434,6780,2757,1903,8086,250,6129,8408,8058,2959,1034,4232,21,8538,964,4848,
4425,7183,7580,7195,3157,2132,3114,6701,4216,8504,5590,1595,8666,49,8249,1369,6477,6270,3919,1189,2611,2121,
1793,3040,9018,9289,6488,2153,529,2140,2093,6228,7802,9570,4562,4510,3705,1409,7521,3727,589,7562,5510,3733,
7879,7159,6261,8336,336,5852,3889,9903,8036,3239,6340,246,9131,10,8378,776,2333,5713,2341,2596,3583,3622,
6894,3988,4988,4415,1300,6328,6478,421,9767,4928,8960,1247,4441,2363,8379,1101,822,4030,9445,5557,536,4693,
2193,9596,5152,4468,3265,6112,3691,338,8442,6089,7351,8787,8170,1873,6373,2266,9253,8075,2318,6642,4464,7631,
4319,8517,2776,2116,9646,3848,423,8445,5979,7077,5232,9560,2019,715,648,8441,280,7657,691,5044,6498,8335,
858,4439,916,2893,3786,9058,7299,4697,5100,4927,9778,7305,5890,3250,5323,709,3048,3177,6728,9808,4524,4382,
